2051	Landwirtschaft insgesamt
2041	Pflanzenbau insgesamt
2044	Tierproduktion insgesamt
2054	Nahrungsmittel · FAO-Gruppe
2057	Nichtnahrungsmittel · FAO-Gruppe
1717	Getreide insgesamt
1770	Fleisch aus heimischen Tieren insgesamt
1780	Milch insgesamt
1720	Wurzeln und Knollen insgesamt
1723	Zuckerpflanzen insgesamt
1739	Obst und Gemüse insgesamt
221	Mandeln mit Schale
711	Anis, Sternanis, Koriander, Kreuzkümmel, Kümmel, Fenchel und Wacholder
515	Äpfel
526	Aprikosen
44	Gerste
568	Zucker- und sonstige Melonen
569	Feigen
1163	Wildfleisch
560	Trauben
1062	Hühnereier mit Schale
333	Leinsamen
56	Mais
1137	Kamelfleisch · heimische Tiere
944	Rindfleisch mit Knochen · heimische Tiere
1094	Hühnerfleisch · heimische Tiere
1032	Ziegenfleisch · heimische Tiere
1012	Schaffleisch · heimische Tiere
79	Hirse
292	Senfsaat
1182	Naturhonig
260	Oliven
403	Trockene Zwiebeln und Schalotten
490	Orangen
558	Sonstige Beeren und Heidelbeerfrüchte
512	Sonstige Zitrusfrüchte
619	Sonstiges Obst
234	Sonstige Nüsse mit Schale · ohne Wildnüsse und Erdnüsse
211	Sonstige Hülsenfrüchte
723	Sonstige Genuss-, Gewürz- und Aromapflanzen
541	Sonstiges Steinobst
463	Sonstiges frisches Gemüse
534	Pfirsiche und Nektarinen
521	Birnen
223	Pistazien mit Schale
536	Pflaumen und Schlehen
116	Kartoffeln
1130	Rohe Kamelmilch
882	Rohe Kuhmilch
1020	Rohe Ziegenmilch
982	Rohe Schafmilch
27	Reis
328	Saatbaumwolle · nicht entkörnt
289	Sesamsaat
987	Schurwolle · ungewaschen oder am Vlies gewaschen
1185	Seidenraupenkokons zum Abhaspeln
157	Zuckerrüben
156	Zuckerrohr
267	Sonnenblumenkerne
222	Walnüsse mit Schale
567	Wassermelonen
15	Weizen
176	Trockene Bohnen
181	Trockene Ackerbohnen
420	Grüne Ackerbohnen
358	Kohl
426	Karotten und Speiserüben
393	Blumenkohl und Brokkoli
531	Kirschen
220	Kastanien mit Schale
401	Grüne Chilis und Paprika
397	Gurken und Gewürzgurken
577	Datteln
399	Auberginen
1091	Sonstige Vogeleier mit Schale
406	Grüner Knoblauch
677	Hopfenzapfen
407	Lauch und sonstiges Zwiebelgemüse
497	Zitronen und Limetten
372	Salat und Chicorée
1055	Schweinefleisch mit Knochen · heimische Tiere
1087	Putenfleisch · heimische Tiere
449	Pilze und Trüffel
75	Hafer
430	Okra
402	Grüne Zwiebeln und Schalotten
414	Sonstige grüne Bohnen
1166	Sonstiges Säugetierfleisch
417	Grüne Erbsen
394	Kürbisse und Zucchini
523	Quitten
951	Rohe Büffelmilch
71	Roggen
530	Sauerkirschen
236	Sojabohnen
373	Spinat
495	Mandarinen, Tangerinen und Clementinen
388	Tomaten
826	Rohtabak
205	Wicken
366	Artischocken
486	Bananen
191	Trockene Kichererbsen
689	Trockene Chilis und Paprika
242	Erdnüsse mit Schale
1120	Pferdefleisch · heimische Tiere
201	Trockene Linsen
461	Johannisbrot
1144	Kaninchen- und Hasenfleisch · heimische Tiere
187	Trockene Erbsen
507	Pomelos und Grapefruits
270	Raps- und Rübsensaat
83	Sorghum
97	Triticale
572	Avocados
1183	Bienenwachs
217	Cashewnüsse mit Schale
125	Frischer Maniok
265	Rizinussaat
661	Kakaobohnen
656	Rohkaffee
782	Kenaf und sonstige textile Bastfasern
571	Mangos, Guaven und Mangostanen
254	Ölpalmfrüchte
574	Ananas
789	Sisal
122	Süßkartoffeln
603	Sonstige tropische Früchte
136	Taro
137	Yams
367	Spargel
101	Kanariensaat
108	Sonstiges Getreide
210	Lupinen
671	Mateblätter
1070	Entenfleisch · heimische Tiere
1077	Gänsefleisch · heimische Tiere
821	Sonstige Faserpflanzen
600	Papayas
748	Pfefferminze und Krauseminze
280	Färberdistelsaat
544	Erdbeeren
423	Grüne Gartenbohnen
667	Teeblätter
275	Tungnüsse
225	Haselnüsse mit Schale
552	Heidelbeeren
550	Johannisbeeren
446	Grüner Mais
592	Kiwis
587	Kakis
547	Himbeeren
549	Stachelbeeren
103	Menggetreide
339	Sonstige Ölsaaten
296	Mohnsaat
777	Hanf zur Fasergewinnung
554	Cranberrys
249	Kokosnüsse mit Schale
197	Trockene Straucherbsen
489	Kochbananen
226	Arekanüsse
720	Roher Ingwer
780	Jutefasern
972	Büffelfleisch · heimische Tiere
836	Naturkautschuk in Primärformen
161	Sonstige Zuckerpflanzen
89	Buchweizen
459	Zichorienwurzeln
149	Sonstige frische stärke- oder inulinreiche Wurzeln und Knollen
135	Yautia
203	Trockene Bambara-Erdnüsse
195	Trockene Kuhbohnen
94	Fonio
263	Kariténüsse
224	Kolanüsse
687	Roher Pfeffer
702	Muskatnüsse, Muskatblüte und Kardamom
216	Paranüsse mit Schale
1161	Fleisch sonstiger heimischer Kamelarten
92	Quinoa
591	Cashewäpfel
788	Ramiefasern
1084	Taubenfleisch und sonstiges Vogelfleisch · heimische Tiere
1122	Eselfleisch · heimische Tiere
299	Melonenkerne
336	Hanfsamen
693	Zimt und Zimtblüten
698	Gewürznelken
1124	Maultierfleisch · heimische Tiere
692	Rohe Vanille
800	Sonstige rohe Agavenfasern
809	Abacá und Manilahanf
754	Getrocknete Pyrethrumblüten
310	Kapokfrüchte
542	Sonstiges Kernobst
